<Map>
	<Cols>21</Cols>
	<Rows>21</Rows>
	<Size width="48" height="48"/>

	<Collider>
		<C v="1"/> <C v="1"/> <C v="1"/> <C v="1"/> <C v="1"/> <C v="1"/> <C v="1"/> <C v="1"/> <C v="1"/> <C v="1"/> <C v="1"/> <C v="1"/> <C v="1"/> <C v="1"/> <C v="1"/> <C v="1"/> <C v="1"/> <C v="1"/> <C v="1"/> <C v="1"/> <C v="1"/> 
		<C v="1"/> <C v="0"/> <C v="1"/> <C v="1"/> <C v="0"/> <C v="0"/> <C v="0"/> <C v="1"/> <C v="1"/> <C v="1"/> <C v="1"/> <C v="1"/> <C v="1"/> <C v="1"/> <C v="0"/> <C v="0"/> <C v="0"/> <C v="1"/> <C v="1"/> <C v="0"/> <C v="1"/> 
		<C v="1"/> <C v="0"/> <C v="0"/> <C v="0"/> <C v="0"/> <C v="1"/> <C v="0"/> <C v="0"/> <C v="0"/> <C v="1"/> <C v="1"/> <C v="1"/> <C v="0"/> <C v="0"/> <C v="0"/> <C v="1"/> <C v="0"/> <C v="0"/> <C v="0"/> <C v="0"/> <C v="1"/> 
		<C v="1"/> <C v="0"/> <C v="1"/> <C v="1"/> <C v="0"/> <C v="1"/> <C v="1"/> <C v="1"/> <C v="0"/> <C v="0"/> <C v="0"/> <C v="0"/> <C v="0"/> <C v="1"/> <C v="1"/> <C v="1"/> <C v="0"/> <C v="1"/> <C v="1"/> <C v="0"/> <C v="1"/> 
		<C v="1"/> <C v="0"/> <C v="0"/> <C v="0"/> <C v="0"/> <C v="0"/> <C v="0"/> <C v="0"/> <C v="0"/> <C v="1"/> <C v="0"/> <C v="1"/> <C v="0"/> <C v="0"/> <C v="0"/> <C v="0"/> <C v="0"/> <C v="0"/> <C v="0"/> <C v="0"/> <C v="1"/> 
		<C v="1"/> <C v="0"/> <C v="1"/> <C v="1"/> <C v="1"/> <C v="0"/> <C v="1"/> <C v="1"/> <C v="0"/> <C v="1"/> <C v="0"/> <C v="1"/> <C v="0"/> <C v="1"/> <C v="1"/> <C v="0"/> <C v="1"/> <C v="1"/> <C v="1"/> <C v="0"/> <C v="1"/> 
		<C v="1"/> <C v="0"/> <C v="1"/> <C v="1"/> <C v="1"/> <C v="0"/> <C v="0"/> <C v="1"/> <C v="0"/> <C v="0"/> <C v="0"/> <C v="0"/> <C v="0"/> <C v="1"/> <C v="0"/> <C v="0"/> <C v="1"/> <C v="1"/> <C v="1"/> <C v="0"/> <C v="1"/> 
		<C v="1"/> <C v="0"/> <C v="1"/> <C v="1"/> <C v="1"/> <C v="1"/> <C v="0"/> <C v="1"/> <C v="1"/> <C v="1"/> <C v="0"/> <C v="1"/> <C v="1"/> <C v="1"/> <C v="0"/> <C v="1"/> <C v="1"/> <C v="1"/> <C v="1"/> <C v="0"/> <C v="1"/> 
		<C v="1"/> <C v="0"/> <C v="1"/> <C v="0"/> <C v="0"/> <C v="0"/> <C v="0"/> <C v="0"/> <C v="0"/> <C v="0"/> <C v="0"/> <C v="0"/> <C v="0"/> <C v="0"/> <C v="0"/> <C v="0"/> <C v="0"/> <C v="0"/> <C v="1"/> <C v="0"/> <C v="1"/> 
		<C v="1"/> <C v="0"/> <C v="0"/> <C v="0"/> <C v="1"/> <C v="1"/> <C v="0"/> <C v="1"/> <C v="1"/> <C v="1"/> <C v="0"/> <C v="1"/> <C v="1"/> <C v="1"/> <C v="0"/> <C v="1"/> <C v="1"/> <C v="0"/> <C v="0"/> <C v="0"/> <C v="1"/> 
		<C v="1"/> <C v="1"/> <C v="0"/> <C v="1"/> <C v="1"/> <C v="1"/> <C v="0"/> <C v="1"/> <C v="0"/> <C v="0"/> <C v="0"/> <C v="0"/> <C v="0"/> <C v="1"/> <C v="0"/> <C v="1"/> <C v="1"/> <C v="1"/> <C v="0"/> <C v="1"/> <C v="1"/> 
		<C v="1"/> <C v="1"/> <C v="0"/> <C v="1"/> <C v="1"/> <C v="0"/> <C v="0"/> <C v="1"/> <C v="0"/> <C v="0"/> <C v="0"/> <C v="0"/> <C v="0"/> <C v="1"/> <C v="0"/> <C v="0"/> <C v="1"/> <C v="1"/> <C v="0"/> <C v="1"/> <C v="1"/> 
		<C v="1"/> <C v="1"/> <C v="0"/> <C v="0"/> <C v="0"/> <C v="0"/> <C v="1"/> <C v="1"/> <C v="1"/> <C v="1"/> <C v="1"/> <C v="1"/> <C v="1"/> <C v="1"/> <C v="1"/> <C v="0"/> <C v="0"/> <C v="0"/> <C v="0"/> <C v="1"/> <C v="1"/> 
		<C v="1"/> <C v="0"/> <C v="0"/> <C v="1"/> <C v="1"/> <C v="0"/> <C v="1"/> <C v="1"/> <C v="0"/> <C v="0"/> <C v="0"/> <C v="0"/> <C v="0"/> <C v="1"/> <C v="1"/> <C v="0"/> <C v="1"/> <C v="1"/> <C v="0"/> <C v="0"/> <C v="1"/> 
		<C v="1"/> <C v="1"/> <C v="1"/> <C v="1"/> <C v="1"/> <C v="0"/> <C v="0"/> <C v="0"/> <C v="0"/> <C v="1"/> <C v="1"/> <C v="1"/> <C v="0"/> <C v="0"/> <C v="0"/> <C v="0"/> <C v="1"/> <C v="1"/> <C v="1"/> <C v="1"/> <C v="1"/> 
		<C v="1"/> <C v="0"/> <C v="0"/> <C v="0"/> <C v="1"/> <C v="1"/> <C v="0"/> <C v="1"/> <C v="0"/> <C v="1"/> <C v="1"/> <C v="1"/> <C v="0"/> <C v="1"/> <C v="0"/> <C v="1"/> <C v="1"/> <C v="0"/> <C v="0"/> <C v="0"/> <C v="1"/> 
		<C v="1"/> <C v="0"/> <C v="1"/> <C v="0"/> <C v="1"/> <C v="1"/> <C v="0"/> <C v="1"/> <C v="0"/> <C v="1"/> <C v="1"/> <C v="1"/> <C v="0"/> <C v="1"/> <C v="0"/> <C v="1"/> <C v="1"/> <C v="0"/> <C v="1"/> <C v="0"/> <C v="1"/> 
		<C v="1"/> <C v="0"/> <C v="1"/> <C v="0"/> <C v="0"/> <C v="0"/> <C v="0"/> <C v="0"/> <C v="0"/> <C v="1"/> <C v="1"/> <C v="1"/> <C v="0"/> <C v="0"/> <C v="0"/> <C v="0"/> <C v="0"/> <C v="0"/> <C v="1"/> <C v="0"/> <C v="1"/> 
		<C v="1"/> <C v="0"/> <C v="1"/> <C v="1"/> <C v="1"/> <C v="1"/> <C v="0"/> <C v="1"/> <C v="0"/> <C v="0"/> <C v="0"/> <C v="0"/> <C v="0"/> <C v="1"/> <C v="0"/> <C v="1"/> <C v="1"/> <C v="1"/> <C v="1"/> <C v="0"/> <C v="1"/> 
		<C v="1"/> <C v="0"/> <C v="0"/> <C v="0"/> <C v="0"/> <C v="0"/> <C v="0"/> <C v="1"/> <C v="1"/> <C v="1"/> <C v="1"/> <C v="1"/> <C v="1"/> <C v="1"/> <C v="0"/> <C v="0"/> <C v="0"/> <C v="0"/> <C v="0"/> <C v="0"/> <C v="1"/> 
		<C v="1"/> <C v="1"/> <C v="1"/> <C v="1"/> <C v="1"/> <C v="1"/> <C v="1"/> <C v="1"/> <C v="1"/> <C v="1"/> <C v="1"/> <C v="1"/> <C v="1"/> <C v="1"/> <C v="1"/> <C v="1"/> <C v="1"/> <C v="1"/> <C v="1"/> <C v="1"/> <C v="1"/> 
	</Collider>
	<Graphic>
		<G v="1"/> <G v="1"/> <G v="1"/> <G v="1"/> <G v="1"/> <G v="1"/> <G v="1"/> <G v="1"/> <G v="1"/> <G v="1"/> <G v="1"/> <G v="1"/> <G v="1"/> <G v="1"/> <G v="1"/> <G v="1"/> <G v="1"/> <G v="1"/> <G v="1"/> <G v="1"/> <G v="1"/> 
		<G v="1"/> <G v="2"/> <G v="1"/> <G v="1"/> <G v="2"/> <G v="2"/> <G v="2"/> <G v="1"/> <G v="1"/> <G v="1"/> <G v="1"/> <G v="1"/> <G v="1"/> <G v="1"/> <G v="2"/> <G v="2"/> <G v="2"/> <G v="1"/> <G v="1"/> <G v="2"/> <G v="1"/> 
		<G v="1"/> <G v="2"/> <G v="2"/> <G v="2"/> <G v="2"/> <G v="1"/> <G v="2"/> <G v="2"/> <G v="2"/> <G v="1"/> <G v="1"/> <G v="1"/> <G v="2"/> <G v="2"/> <G v="2"/> <G v="1"/> <G v="2"/> <G v="2"/> <G v="2"/> <G v="2"/> <G v="1"/> 
		<G v="1"/> <G v="2"/> <G v="1"/> <G v="1"/> <G v="2"/> <G v="1"/> <G v="1"/> <G v="1"/> <G v="2"/> <G v="2"/> <G v="2"/> <G v="2"/> <G v="2"/> <G v="1"/> <G v="1"/> <G v="1"/> <G v="2"/> <G v="1"/> <G v="1"/> <G v="2"/> <G v="1"/> 
		<G v="1"/> <G v="2"/> <G v="2"/> <G v="2"/> <G v="2"/> <G v="2"/> <G v="2"/> <G v="2"/> <G v="2"/> <G v="1"/> <G v="2"/> <G v="1"/> <G v="2"/> <G v="2"/> <G v="2"/> <G v="2"/> <G v="2"/> <G v="2"/> <G v="2"/> <G v="2"/> <G v="1"/> 
		<G v="1"/> <G v="2"/> <G v="1"/> <G v="1"/> <G v="1"/> <G v="2"/> <G v="1"/> <G v="1"/> <G v="2"/> <G v="1"/> <G v="2"/> <G v="1"/> <G v="2"/> <G v="1"/> <G v="1"/> <G v="2"/> <G v="1"/> <G v="1"/> <G v="1"/> <G v="2"/> <G v="1"/> 
		<G v="1"/> <G v="2"/> <G v="1"/> <G v="1"/> <G v="1"/> <G v="2"/> <G v="2"/> <G v="1"/> <G v="2"/> <G v="2"/> <G v="2"/> <G v="2"/> <G v="2"/> <G v="1"/> <G v="2"/> <G v="2"/> <G v="1"/> <G v="1"/> <G v="1"/> <G v="2"/> <G v="1"/> 
		<G v="1"/> <G v="2"/> <G v="1"/> <G v="1"/> <G v="1"/> <G v="1"/> <G v="2"/> <G v="1"/> <G v="1"/> <G v="1"/> <G v="2"/> <G v="1"/> <G v="1"/> <G v="1"/> <G v="2"/> <G v="1"/> <G v="1"/> <G v="1"/> <G v="1"/> <G v="2"/> <G v="1"/> 
		<G v="1"/> <G v="2"/> <G v="1"/> <G v="2"/> <G v="2"/> <G v="2"/> <G v="2"/> <G v="2"/> <G v="2"/> <G v="2"/> <G v="2"/> <G v="2"/> <G v="2"/> <G v="2"/> <G v="2"/> <G v="2"/> <G v="2"/> <G v="2"/> <G v="1"/> <G v="2"/> <G v="1"/> 
		<G v="1"/> <G v="2"/> <G v="2"/> <G v="2"/> <G v="1"/> <G v="1"/> <G v="2"/> <G v="1"/> <G v="1"/> <G v="1"/> <G v="2"/> <G v="1"/> <G v="1"/> <G v="1"/> <G v="2"/> <G v="1"/> <G v="1"/> <G v="2"/> <G v="2"/> <G v="2"/> <G v="1"/> 
		<G v="1"/> <G v="1"/> <G v="2"/> <G v="1"/> <G v="1"/> <G v="1"/> <G v="2"/> <G v="1"/> <G v="2"/> <G v="2"/> <G v="2"/> <G v="2"/> <G v="2"/> <G v="1"/> <G v="2"/> <G v="1"/> <G v="1"/> <G v="1"/> <G v="2"/> <G v="1"/> <G v="1"/> 
		<G v="1"/> <G v="1"/> <G v="2"/> <G v="1"/> <G v="1"/> <G v="2"/> <G v="2"/> <G v="1"/> <G v="2"/> <G v="2"/> <G v="2"/> <G v="2"/> <G v="2"/> <G v="1"/> <G v="2"/> <G v="2"/> <G v="1"/> <G v="1"/> <G v="2"/> <G v="1"/> <G v="1"/> 
		<G v="1"/> <G v="1"/> <G v="2"/> <G v="2"/> <G v="2"/> <G v="2"/> <G v="1"/> <G v="1"/> <G v="1"/> <G v="1"/> <G v="1"/> <G v="1"/> <G v="1"/> <G v="1"/> <G v="1"/> <G v="2"/> <G v="2"/> <G v="2"/> <G v="2"/> <G v="1"/> <G v="1"/> 
		<G v="1"/> <G v="2"/> <G v="2"/> <G v="1"/> <G v="1"/> <G v="2"/> <G v="1"/> <G v="1"/> <G v="2"/> <G v="2"/> <G v="2"/> <G v="2"/> <G v="2"/> <G v="1"/> <G v="1"/> <G v="2"/> <G v="1"/> <G v="1"/> <G v="2"/> <G v="2"/> <G v="1"/> 
		<G v="1"/> <G v="1"/> <G v="1"/> <G v="1"/> <G v="1"/> <G v="2"/> <G v="2"/> <G v="2"/> <G v="2"/> <G v="1"/> <G v="1"/> <G v="1"/> <G v="2"/> <G v="2"/> <G v="2"/> <G v="2"/> <G v="1"/> <G v="1"/> <G v="1"/> <G v="1"/> <G v="1"/> 
		<G v="1"/> <G v="2"/> <G v="2"/> <G v="2"/> <G v="1"/> <G v="1"/> <G v="2"/> <G v="1"/> <G v="2"/> <G v="1"/> <G v="1"/> <G v="1"/> <G v="2"/> <G v="1"/> <G v="2"/> <G v="1"/> <G v="1"/> <G v="2"/> <G v="2"/> <G v="2"/> <G v="1"/> 
		<G v="1"/> <G v="2"/> <G v="1"/> <G v="2"/> <G v="1"/> <G v="1"/> <G v="2"/> <G v="1"/> <G v="2"/> <G v="1"/> <G v="1"/> <G v="1"/> <G v="2"/> <G v="1"/> <G v="2"/> <G v="1"/> <G v="1"/> <G v="2"/> <G v="1"/> <G v="2"/> <G v="1"/> 
		<G v="1"/> <G v="2"/> <G v="1"/> <G v="2"/> <G v="2"/> <G v="2"/> <G v="2"/> <G v="2"/> <G v="2"/> <G v="1"/> <G v="1"/> <G v="1"/> <G v="2"/> <G v="2"/> <G v="2"/> <G v="2"/> <G v="2"/> <G v="2"/> <G v="1"/> <G v="2"/> <G v="1"/> 
		<G v="1"/> <G v="2"/> <G v="1"/> <G v="1"/> <G v="1"/> <G v="1"/> <G v="2"/> <G v="1"/> <G v="2"/> <G v="2"/> <G v="2"/> <G v="2"/> <G v="2"/> <G v="1"/> <G v="2"/> <G v="1"/> <G v="1"/> <G v="1"/> <G v="1"/> <G v="2"/> <G v="1"/> 
		<G v="1"/> <G v="2"/> <G v="2"/> <G v="2"/> <G v="2"/> <G v="2"/> <G v="2"/> <G v="1"/> <G v="1"/> <G v="1"/> <G v="1"/> <G v="1"/> <G v="1"/> <G v="1"/> <G v="2"/> <G v="2"/> <G v="2"/> <G v="2"/> <G v="2"/> <G v="2"/> <G v="1"/> 
		<G v="1"/> <G v="1"/> <G v="1"/> <G v="1"/> <G v="1"/> <G v="1"/> <G v="1"/> <G v="1"/> <G v="1"/> <G v="1"/> <G v="1"/> <G v="1"/> <G v="1"/> <G v="1"/> <G v="1"/> <G v="1"/> <G v="1"/> <G v="1"/> <G v="1"/> <G v="1"/> <G v="1"/> 
	</Graphic>

	<Tileset path="Texture/TileSet.png"/>

</Map>

<Points>
	<Size width="27" height="29"/>

	<Point x="48" y="48"/> <Point x="192" y="48"/> <Point x="240" y="48"/> <Point x="288" y="48"/> <Point x="672" y="48"/> <Point x="720" y="48"/> <Point x="768" y="48"/> <Point x="912" y="48"/> 
	<Point x="48" y="96"/> <Point x="96" y="96"/> <Point x="144" y="96"/> <Point x="192" y="96"/> <Point x="288" y="96"/> <Point x="336" y="96"/> <Point x="384" y="96"/> <Point x="576" y="96"/> <Point x="624" y="96"/> <Point x="672" y="96"/> <Point x="768" y="96"/> <Point x="816" y="96"/> <Point x="864" y="96"/> <Point x="912" y="96"/> 
	<Point x="48" y="144"/> <Point x="192" y="144"/> <Point x="384" y="144"/> <Point x="432" y="144"/> <Point x="480" y="144"/> <Point x="528" y="144"/> <Point x="576" y="144"/> <Point x="768" y="144"/> <Point x="912" y="144"/> 
	<Point x="48" y="192"/> <Point x="96" y="192"/> <Point x="144" y="192"/> <Point x="192" y="192"/> <Point x="240" y="192"/> <Point x="288" y="192"/> <Point x="336" y="192"/> <Point x="384" y="192"/> <Point x="480" y="192"/> <Point x="576" y="192"/> <Point x="624" y="192"/> <Point x="672" y="192"/> <Point x="720" y="192"/> <Point x="768" y="192"/> <Point x="816" y="192"/> <Point x="864" y="192"/> <Point x="912" y="192"/> 
	<Point x="48" y="240"/> <Point x="240" y="240"/> <Point x="384" y="240"/> <Point x="480" y="240"/> <Point x="576" y="240"/> <Point x="720" y="240"/> <Point x="912" y="240"/> 
	<Point x="48" y="288"/> <Point x="240" y="288"/> <Point x="288" y="288"/> <Point x="384" y="288"/> <Point x="432" y="288"/> <Point x="480" y="288"/> <Point x="528" y="288"/> <Point x="576" y="288"/> <Point x="672" y="288"/> <Point x="720" y="288"/> <Point x="912" y="288"/> 
	<Point x="48" y="336"/> <Point x="288" y="336"/> <Point x="480" y="336"/> <Point x="672" y="336"/> <Point x="912" y="336"/> 
	<Point x="48" y="384"/> <Point x="144" y="384"/> <Point x="192" y="384"/> <Point x="240" y="384"/> <Point x="288" y="384"/> <Point x="336" y="384"/> <Point x="384" y="384"/> <Point x="432" y="384"/> <Point x="480" y="384"/> <Point x="528" y="384"/> <Point x="576" y="384"/> <Point x="624" y="384"/> <Point x="672" y="384"/> <Point x="720" y="384"/> <Point x="768" y="384"/> <Point x="816" y="384"/> <Point x="912" y="384"/> 
	<Point x="48" y="432"/> <Point x="96" y="432"/> <Point x="144" y="432"/> <Point x="288" y="432"/> <Point x="672" y="432"/> <Point x="816" y="432"/> <Point x="864" y="432"/> <Point x="912" y="432"/> 
	<Point x="96" y="480"/> <Point x="288" y="480"/>   <Point x="672" y="480"/> <Point x="864" y="480"/> 
	<Point x="96" y="528"/> <Point x="240" y="528"/> <Point x="288" y="528"/> <Point x="672" y="528"/> <Point x="720" y="528"/> <Point x="864" y="528"/> 
	<Point x="96" y="576"/> <Point x="144" y="576"/> <Point x="192" y="576"/> <Point x="240" y="576"/> <Point x="720" y="576"/> <Point x="768" y="576"/> <Point x="816" y="576"/> <Point x="864" y="576"/> 
	<Point x="48" y="624"/> <Point x="96" y="624"/> <Point x="240" y="624"/> <Point x="384" y="624"/> <Point x="432" y="624"/> <Point x="480" y="624"/> <Point x="528" y="624"/> <Point x="576" y="624"/> <Point x="720" y="624"/> <Point x="864" y="624"/> <Point x="912" y="624"/> 
	<Point x="240" y="672"/> <Point x="288" y="672"/> <Point x="336" y="672"/> <Point x="384" y="672"/> <Point x="576" y="672"/> <Point x="624" y="672"/> <Point x="672" y="672"/> <Point x="720" y="672"/> 
	<Point x="48" y="720"/> <Point x="96" y="720"/> <Point x="144" y="720"/> <Point x="288" y="720"/> <Point x="384" y="720"/> <Point x="576" y="720"/> <Point x="672" y="720"/> <Point x="816" y="720"/> <Point x="864" y="720"/> <Point x="912" y="720"/> 
	<Point x="48" y="768"/> <Point x="144" y="768"/> <Point x="288" y="768"/> <Point x="384" y="768"/> <Point x="576" y="768"/> <Point x="672" y="768"/> <Point x="816" y="768"/> <Point x="912" y="768"/> 
	<Point x="48" y="816"/> <Point x="144" y="816"/> <Point x="192" y="816"/> <Point x="240" y="816"/> <Point x="288" y="816"/> <Point x="336" y="816"/> <Point x="384" y="816"/> <Point x="576" y="816"/> <Point x="624" y="816"/> <Point x="672" y="816"/> <Point x="720" y="816"/> <Point x="768" y="816"/> <Point x="816" y="816"/> <Point x="912" y="816"/> 
	<Point x="48" y="864"/> <Point x="288" y="864"/> <Point x="384" y="864"/> <Point x="432" y="864"/> <Point x="480" y="864"/> <Point x="528" y="864"/> <Point x="576" y="864"/> <Point x="672" y="864"/> <Point x="912" y="864"/> 
	<Point x="48" y="912"/> <Point x="96" y="912"/> <Point x="144" y="912"/> <Point x="192" y="912"/> <Point x="240" y="912"/> <Point x="288" y="912"/> <Point x="672" y="912"/> <Point x="720" y="912"/> <Point x="768" y="912"/> <Point x="816" y="912"/> <Point x="864" y="912"/> <Point x="912" y="912"/> 
</Points>

<Player>
	<Position x="480" y="624"/>
	<Size width="29" height="29"/>
	<Speed> 3.0 </Speed>
	<Animation nb="3" actual_step="2" time="10"/>
</Player>

<Ennemies>
	<Ennemie>
		<Position x="384" y="528"/>
		<Size width="27" height="29"/>
		<Speed> 2.5 </Speed>
		<Animation nb="3" actual_step="2" time="10"/>
	</Ennemie>
	<Ennemie>
		<Position x="432" y="480"/>
		<Size width="27" height="29"/>
		<Speed> 2.0 </Speed>
		<Animation nb="3" actual_step="2" time="10"/>
	</Ennemie>
	<Ennemie>
		<Position x="576" y="528"/>
		<Size width="27" height="29"/>
		<Speed> 1.7 </Speed>
		<Animation nb="3" actual_step="2" time="10"/>
	</Ennemie>
	<Ennemie>
		<Position x="528" y="480"/>
		<Size width="27" height="29"/>
		<Speed> 1.5 </Speed>
		<Animation nb="3" actual_step="2" time="10"/>
	</Ennemie>
</Ennemies>

<Textures>
	<Sprite_Player path="Texture/packman-sprite.png"/>
	<Texture_Point path="Texture/point.png"/>
	<Sprite_Ennemies>
		<Sprite_Ennemie path="Texture/ghost-1.png"/>
		<Sprite_Ennemie path="Texture/ghost-2.png"/>
		<Sprite_Ennemie path="Texture/ghost-3.png"/>
		<Sprite_Ennemie path="Texture/ghost-4.png"/>
	</Sprite_Ennemies>
</Textures>